id,rodada,data,mandante_id,visitante_id,gols_mandante,gols_visitante
8026,1,2023-04-15,17,10,2,1
8027,1,2023-04-15,1,12,0,3
8029,1,2023-04-15,6,4,2,1
8030,1,2023-04-15,2,14,2,0
8031,1,2023-04-15,13,16,1,1
8028,1,2023-04-15,5,19,2,1
8032,1,2023-04-15,3,20,1,2
8034,1,2023-04-16,11,8,3,0
8033,1,2023-04-16,7,9,2,1
8035,1,2023-04-16,15,18,1,0
8036,2,2023-04-22,12,2,2,0
8038,2,2023-04-22,10,6,1,1
8037,2,2023-04-22,19,1,3,0
8039,2,2023-04-22,9,15,1,0
8040,2,2023-04-23,16,11,2,1
8041,2,2023-04-23,18,3,0,0
8042,2,2023-04-23,20,17,2,2
8043,2,2023-04-23,8,13,0,3
8044,2,2023-04-23,14,7,3,1
8045,2,2023-04-24,4,5,1,2
8047,3,2023-04-29,8,19,1,1
8046,3,2023-04-29,13,12,4,2
8048,3,2023-04-29,17,7,2,1
8049,3,2023-04-29,18,1,3,2
8050,3,2023-04-29,6,9,0,3
8051,3,2023-04-29,3,2,2,1
8052,3,2023-04-30,11,5,2,3
8053,3,2023-04-30,10,15,1,2
8054,3,2023-04-30,16,14,1,0
8055,3,2023-05-01,20,4,0,1
8056,4,2023-05-06,9,18,2,1
8057,4,2023-05-06,12,20,1,1
8058,4,2023-05-07,1,10,1,2
8059,4,2023-05-07,4,8,3,1
8061,4,2023-05-07,2,11,2,1
8060,4,2023-05-07,19,16,2,0
8062,4,2023-05-07,15,6,3,3
8063,4,2023-05-07,5,3,2,0
8064,4,2023-05-07,14,17,0,5
8065,4,2023-05-08,7,13,1,1
8067,5,2023-05-10,18,4,3,0
8066,5,2023-05-10,16,2,0,2
8068,5,2023-05-10,6,1,2,2
8069,5,2023-05-10,10,3,0,4
8070,5,2023-05-10,11,14,2,0
8071,5,2023-05-10,9,12,0,2
8072,5,2023-05-10,17,15,4,1
8073,5,2023-05-11,8,20,1,1
8074,5,2023-05-11,5,7,3,0
8075,5,2023-05-11,13,19,0,0
8076,6,2023-05-13,4,11,2,3
8077,6,2023-05-13,12,10,2,0
8078,6,2023-05-13,17,6,1,1
8079,6,2023-05-13,3,16,2,0
8080,6,2023-05-14,15,13,0,0
8081,6,2023-05-14,20,18,0,1
8082,6,2023-05-14,7,19,1,1
8083,6,2023-05-14,2,8,3,2
8085,6,2023-05-14,1,9,0,4
8084,6,2023-05-14,14,5,2,1
8086,7,2023-05-20,4,14,1,1
8087,7,2023-05-20,6,2,2,0
8088,7,2023-05-20,19,20,4,2
8090,7,2023-05-20,1,13,2,1
8091,7,2023-05-20,5,12,1,0
8089,7,2023-05-20,8,3,1,2
8092,7,2023-05-20,18,17,0,0
8093,7,2023-05-21,11,7,1,0
8094,7,2023-05-21,15,16,3,1
8095,7,2023-05-22,9,10,0,1
8096,8,2023-05-27,2,15,1,2
8097,8,2023-05-27,13,20,2,0
8098,8,2023-05-27,11,9,1,1
8099,8,2023-05-27,10,8,1,1
8100,8,2023-05-27,19,14,2,1
8102,8,2023-05-28,16,4,2,0
8101,8,2023-05-28,7,12,2,0
8104,8,2023-05-28,6,18,2,0
8103,8,2023-05-28,3,17,1,1
8105,8,2023-05-28,5,1,2,0
8106,9,2023-06-03,13,4,0,0
8107,9,2023-06-03,2,5,1,0
8108,9,2023-06-03,9,3,0,1
8109,9,2023-06-03,1,7,2,0
8110,9,2023-06-03,18,16,1,1
8111,9,2023-06-04,12,6,2,1
8112,9,2023-06-04,15,19,2,1
8113,9,2023-06-04,14,10,0,1
8114,9,2023-06-04,17,8,3,1
8115,9,2023-06-05,20,11,1,4
8116,10,2023-06-10,8,18,0,0
8119,10,2023-06-10,3,6,1,1
8117,10,2023-06-10,4,9,2,2
8118,10,2023-06-10,7,10,1,1
8120,10,2023-06-10,5,13,2,0
8121,10,2023-06-11,1,2,2,2
8122,10,2023-06-11,19,17,0,2
8123,10,2023-06-11,16,20,2,1
8124,10,2023-06-11,11,15,3,0
8125,10,2023-06-11,14,12,2,2
8126,11,2023-06-21,9,13,0,1
8127,11,2023-06-21,19,2,2,1
8128,11,2023-06-21,18,7,0,2
8129,11,2023-06-21,12,3,1,1
8130,11,2023-06-21,4,17,1,0
8131,11,2023-06-22,15,1,3,1
8133,11,2023-06-22,10,5,0,1
8134,11,2023-06-22,20,14,0,1
8132,11,2023-06-22,8,16,0,1
8135,11,2023-06-22,6,11,4,0
8136,12,2023-06-24,2,7,1,0
8137,12,2023-06-24,12,4,2,1
8138,12,2023-06-24,13,3,2,1
8139,12,2023-06-24,9,19,1,0
8140,12,2023-06-25,17,5,0,1
8141,12,2023-06-25,15,8,5,1
8144,12,2023-06-25,6,14,2,0
8142,12,2023-06-25,1,16,1,2
8143,12,2023-06-25,18,11,2,3
8145,12,2023-06-26,20,10,1,0
8146,13,2023-07-01,19,12,1,0
8147,13,2023-07-01,11,13,2,0
8148,13,2023-07-01,4,15,1,2
8149,13,2023-07-01,16,9,0,0
8150,13,2023-07-02,7,6,0,1
8151,13,2023-07-02,5,20,2,0
8152,13,2023-07-02,3,1,2,2
8153,13,2023-07-02,2,17,2,2
8154,13,2023-07-02,10,18,3,0
8155,13,2023-07-03,14,8,1,2
8156,14,2023-07-08,10,4,1,1
8157,14,2023-07-08,20,9,0,1
8158,14,2023-07-08,3,7,0,1
8159,14,2023-07-08,8,1,3,1
8160,14,2023-07-08,17,11,1,1
8161,14,2023-07-09,18,14,4,3
8163,14,2023-07-09,6,19,0,0
8162,14,2023-07-09,12,16,2,0
8164,14,2023-07-09,13,2,1,0
8165,14,2023-07-09,15,5,0,2
8166,15,2023-07-15,5,6,2,0
8167,15,2023-07-16,9,8,0,0
8168,15,2023-07-16,13,10,0,1
8169,15,2023-07-16,12,11,0,0
8170,15,2023-07-16,19,18,4,1
8171,15,2023-07-16,2,4,2,0
8172,15,2023-07-16,16,17,0,0
8173,15,2023-07-17,14,3,0,0
8176,16,2023-07-22,17,13,3,1
8177,16,2023-07-22,11,1,1,1
8178,16,2023-07-22,10,19,2,1
8179,16,2023-07-22,4,7,0,0
8180,16,2023-07-22,15,3,1,0
8181,16,2023-07-23,6,16,0,0
8183,16,2023-07-23,9,14,0,1
8182,16,2023-07-23,18,5,2,2
8184,16,2023-07-23,20,2,0,2
8185,16,2023-07-24,8,12,2,0
8186,17,2023-07-29,12,18,1,0
8187,17,2023-07-29,2,9,3,3
8188,17,2023-07-29,16,10,1,2
8190,17,2023-07-29,13,6,0,3
8189,17,2023-07-29,7,20,3,1
8191,17,2023-07-29,3,11,1,2
8192,17,2023-07-30,19,4,0,0
8193,17,2023-07-30,1,17,1,4
8194,17,2023-07-30,5,8,4,1
8195,17,2023-07-30,14,15,1,1
8196,18,2023-08-05,18,2,1,1
8197,18,2023-08-05,14,13,1,0
8198,18,2023-08-05,16,7,2,2
8199,18,2023-08-05,12,17,2,1
8200,18,2023-08-06,20,15,1,0
8201,18,2023-08-06,19,3,0,2
8202,18,2023-08-06,8,6,0,1
8204,18,2023-08-06,9,5,0,0
8203,18,2023-08-06,4,1,3,1
8205,18,2023-08-06,10,11,3,0
8206,19,2023-08-12,5,16,3,1
8207,19,2023-08-13,3,4,1,0
8208,19,2023-08-13,1,14,0,1
8210,19,2023-08-13,15,12,2,1
8209,19,2023-08-13,7,8,3,1
8211,19,2023-08-13,13,18,4,0
8212,19,2023-08-13,11,19,1,1
8213,19,2023-08-14,17,9,1,0
8214,19,2023-08-14,6,20,1,1
8215,19,2023-08-15,2,10,2,0
8217,20,2023-08-19,16,13,0,1
8216,20,2023-08-19,19,5,0,0
8218,20,2023-08-19,10,17,0,2
8219,20,2023-08-19,12,1,3,1
8220,20,2023-08-19,9,7,1,1
8221,20,2023-08-20,20,3,1,0
8223,20,2023-08-20,4,6,4,0
8224,20,2023-08-20,18,15,2,1
8222,20,2023-08-20,8,11,2,3
8225,20,2023-08-21,14,2,1,1
8226,21,2023-08-26,11,16,0,0
8227,21,2023-08-26,7,14,1,1
8228,21,2023-08-27,6,10,2,0
8229,21,2023-08-27,5,4,3,0
8231,21,2023-08-27,1,19,2,1
8230,21,2023-08-27,3,18,2,0
8232,21,2023-08-27,17,20,1,0
8233,21,2023-08-27,13,8,3,1
8234,21,2023-08-27,2,12,2,2
8235,21,2023-08-27,15,9,3,0
8236,22,2023-09-02,14,16,0,0
8237,22,2023-09-02,2,3,1,1
8238,22,2023-09-02,5,11,1,2
8239,22,2023-09-03,15,10,2,0
8241,22,2023-09-03,12,13,1,0
8240,22,2023-09-03,7,17,0,0
8242,22,2023-09-03,4,20,1,1
8243,22,2023-09-03,9,6,0,0
8244,22,2023-09-03,1,18,2,0
8246,23,2023-09-13,11,2,0,3
8247,23,2023-09-13,16,19,2,1
8248,23,2023-09-14,18,9,0,3
8249,23,2023-09-14,13,7,2,1
8250,23,2023-09-14,8,4,2,4
8251,23,2023-09-14,6,15,2,0
8252,23,2023-09-15,10,1,2,2
8253,23,2023-09-15,17,14,1,0
8254,23,2023-09-16,20,12,4,2
8255,23,2023-09-16,3,5,1,0
8174,15,2023-09-18,7,15,4,4
8256,24,2023-09-18,4,18,1,2
8257,24,2023-09-19,1,6,0,2
8258,24,2023-09-20,14,11,0,0
8259,24,2023-09-20,12,9,1,0
8260,24,2023-09-20,19,13,1,2
8261,24,2023-09-21,20,8,5,1
8262,24,2023-09-21,2,16,2,1
8263,24,2023-09-21,15,17,1,0
8264,24,2023-09-22,7,5,1,0
8265,24,2023-09-23,3,10,1,0
8175,15,2023-09-25,1,20,0,1
8245,22,2023-09-27,19,8,2,1
8266,25,2023-09-30,11,4,1,0
8267,25,2023-09-30,13,15,1,1
8268,25,2023-09-30,19,7,2,1
8269,25,2023-09-30,10,12,3,0
8270,25,2023-09-30,16,3,0,2
8271,25,2023-10-01,9,1,1,1
8273,25,2023-10-01,18,20,4,1
8272,25,2023-10-01,8,2,2,0
8274,25,2023-10-01,6,17,2,1
8275,25,2023-10-02,5,14,1,1
8276,26,2023-10-07,14,4,4,6
8277,26,2023-10-07,20,19,0,0
8278,26,2023-10-07,7,11,1,1
8279,26,2023-10-08,16,15,3,2
8281,26,2023-10-08,12,5,0,2
8280,26,2023-10-08,17,18,1,2
8282,26,2023-10-08,2,6,1,1
8283,26,2023-10-08,3,8,1,2
8284,26,2023-10-08,13,1,3,2
8285,26,2023-10-14,10,9,0,0
8286,27,2023-10-18,15,2,1,2
8287,27,2023-10-18,8,10,0,3
8288,27,2023-10-18,1,5,1,2
8289,27,2023-10-18,14,19,2,0
8291,27,2023-10-18,20,13,1,0
8290,27,2023-10-18,4,16,1,0
8293,27,2023-10-19,9,11,0,2
8292,27,2023-10-19,17,3,0,2
8294,27,2023-10-19,18,6,1,3
8295,27,2023-10-19,12,7,3,3
8296,28,2023-10-21,10,14,1,1
8297,28,2023-10-21,19,15,3,0
8298,28,2023-10-21,4,13,2,0
8300,28,2023-10-22,3,9,0,1
8301,28,2023-10-22,11,20,1,0
8302,28,2023-10-22,16,18,7,1
8303,28,2023-10-22,6,12,1,0
8305,28,2023-10-22,7,1,1,1
8304,28,2023-10-22,8,17,0,2
8299,28,2023-10-22,5,2,1,1
8306,29,2023-10-25,6,3,1,2
8307,29,2023-10-25,2,1,3,2
8308,29,2023-10-25,12,14,5,3
8310,29,2023-10-25,17,19,5,0
8309,29,2023-10-25,9,4,3,0
8311,29,2023-10-25,15,11,3,2
8312,29,2023-10-25,10,7,0,1
8313,29,2023-10-26,20,16,1,2
8314,29,2023-10-26,18,8,2,1
8317,30,2023-10-28,1,15,3,4
8316,30,2023-10-28,17,4,1,0
8318,30,2023-10-28,3,12,2,0
8319,30,2023-10-29,2,19,1,1
8320,30,2023-10-29,14,20,1,1
8321,30,2023-10-29,16,8,3,4
8322,30,2023-10-29,7,18,1,1
8323,30,2023-10-29,5,10,0,1
8326,31,2023-10-31,4,12,1,0
8327,31,2023-11-01,16,1,1,1
8328,31,2023-11-01,7,2,1,0
8330,31,2023-11-01,11,18,1,2
8329,31,2023-11-01,8,15,1,2
8331,31,2023-11-01,3,13,3,1
8332,31,2023-11-01,5,17,3,4
8333,31,2023-11-02,10,20,0,2
8334,31,2023-11-02,14,6,0,2
8335,31,2023-11-02,19,9,1,0
8336,32,2023-11-04,15,4,1,0
8337,32,2023-11-04,1,3,1,1
8338,32,2023-11-04,17,2,1,0
8339,32,2023-11-05,9,16,1,2
8341,32,2023-11-05,13,11,0,2
8340,32,2023-11-05,6,7,1,0
8342,32,2023-11-05,8,14,0,1
8343,32,2023-11-06,20,5,1,0
8344,32,2023-11-06,18,10,0,0
8346,33,2023-11-08,16,12,0,0
8347,33,2023-11-08,1,8,0,3
8348,33,2023-11-08,2,13,1,1
8349,33,2023-11-08,19,6,1,0
8350,33,2023-11-08,11,17,3,0
8351,33,2023-11-09,14,18,0,1
8352,33,2023-11-09,7,3,1,1
8354,33,2023-11-09,5,15,3,4
8353,33,2023-11-09,4,10,0,3
8356,34,2023-11-11,8,9,1,0
8357,34,2023-11-11,11,12,1,1
8358,34,2023-11-11,17,16,3,0
8359,34,2023-11-12,6,5,2,2
8360,34,2023-11-12,15,7,0,1
8361,34,2023-11-12,18,19,0,0
8362,34,2023-11-12,20,1,2,1
8363,34,2023-11-12,3,14,2,1
8365,34,2023-11-12,10,13,2,1
8364,34,2023-11-12,4,2,1,1
8324,30,2023-11-18,13,9,0,1
8345,32,2023-11-22,12,19,1,0
8355,33,2023-11-22,9,20,2,2
8315,29,2023-11-23,13,5,2,2
8325,30,2023-11-23,11,6,1,0
8366,35,2023-11-24,7,4,1,5
8367,35,2023-11-25,2,20,0,0
8368,35,2023-11-25,12,8,2,1
8369,35,2023-11-26,3,15,3,0
8370,35,2023-11-26,5,18,1,1
8373,35,2023-11-26,16,6,1,0
8371,35,2023-11-26,1,11,0,3
8372,35,2023-11-26,19,10,0,0
8374,35,2023-11-26,13,17,2,2
8375,35,2023-11-27,14,9,0,1
8376,36,2023-11-28,20,7,2,4
8377,36,2023-11-29,18,12,0,3
8378,36,2023-11-29,11,3,0,3
8380,36,2023-11-29,10,16,0,2
8379,36,2023-11-29,4,19,0,1
8381,36,2023-11-29,8,5,1,1
8382,36,2023-11-29,17,1,4,0
8383,36,2023-11-30,15,14,2,1
8384,36,2023-11-30,9,2,1,1
8385,36,2023-11-30,6,13,1,2
8386,37,2023-12-02,7,16,1,2
8387,37,2023-12-02,3,19,2,1
8388,37,2023-12-03,11,10,2,1
8389,37,2023-12-03,17,12,1,0
8390,37,2023-12-03,5,9,0,0
8391,37,2023-12-03,1,4,3,2
8392,37,2023-12-03,13,14,1,0
8393,37,2023-12-03,6,8,1,0
8395,37,2023-12-03,2,18,3,0
8394,37,2023-12-03,15,20,1,0
8396,38,2023-12-06,14,1,1,0
8397,38,2023-12-06,16,5,3,1
8398,38,2023-12-06,8,7,0,2
8399,38,2023-12-06,12,15,2,3
8400,38,2023-12-06,9,17,1,1
8401,38,2023-12-06,4,3,4,1
8402,38,2023-12-06,10,2,3,0
8403,38,2023-12-06,18,13,1,2
8404,38,2023-12-06,19,11,1,0
8405,38,2023-12-06,20,6,2,1
